column,skewness,kurtosis
PM2_5,-0.0028341707693847504,-1.2056469300091854
PM10,0.01924328336975564,-1.174769935991652
NO2,-0.0535888949082179,-1.188773855023055
SO2,0.025573767351353298,-1.1687771553934565
O3,0.01118177950076051,-1.206106761403088
RespiratoryCases,0.25586575307967835,0.09532085952148428
CardiovascularCases,0.44566381196029553,0.2301170225279381
HospitalAdmissions,0.7153232471575657,0.7709599157349953
